NumerKartyCzlonkowskiej,Imie,Nazwisko,Email
MCBLGR4703,Błażej,Grochola,blazej.grochola@yahoo.com
MCADPO6373,Adrian,Potok,adrian.potok@yahoo.com
MCNERE2937,Nela,Rejniak,nela.rejniak@yahoo.com
MCFAOW3520,Fabian,Owsianka,fabian.owsianka@wp.pl
MCNIBR6406,Nicole,Bryndza,nicole.bryndza@onet.pl
MCJUDZ2883,Julita,Działa,julita.dziala@test.com
MCMAMA7973,Marcelina,Małocha,marcelina.malocha@outlook.com
MCFRSZ9947,Franciszek,Szałas,franciszek.szalas@yahoo.com
MCNADR3411,Natasza,Droździk,natasza.drozdzik@gmail.com
MCKALI6275,Karol,Lindner,karol.lindner@yahoo.com
MCMAJA1275,Marcel,Jasnoch,marcel.jasnoch@test.com
MCARAN6594,Arkadiusz,Andruszko,arkadiusz.andruszko@onet.pl
MCKRPE1003,Krystyna,Peszko,krystyna.peszko@onet.pl
MCOLMA7457,Olaf,Macha,olaf.macha@wp.pl
MCURST3753,Urszula,Stępak,urszula.stepak@onet.pl
MCKRGI8963,Krystian,Gierat,krystian.gierat@test.com
MCRODY2077,Róża,Dylak,roza.dylak@o2.pl
MCMAKO9122,Marcelina,Kosiec,marcelina.kosiec@test.com
MCAPBU6004,Apolonia,Burczak,apolonia.burczak@yahoo.com
MCALCH7537,Alan,Cholewka,alan.cholewka@gmail.com
MCLIGZ8316,Liwia,Gzyl,liwia.gzyl@amazon.com
MCNIWA8191,Nicole,Wasiewicz,nicole.wasiewicz@wp.pl
MCAGKU4082,Agnieszka,Kulma,agnieszka.kulma@amazon.com
MCJAOR8965,Janina,Ornat,janina.ornat@o2.pl
MCURSC3858,Urszula,Schwarz,urszula.schwarz@test.com
